"Model","AUC","Accuracy","Precision","Recall"
"Logistic",0.585297454329548,0.894447223611806,0,0
"Ridge",0.582381755144884,0.894447223611806,0,0
"Lasso",0.573804298270725,0.894447223611806,0,0
"Random Forest",0.533753194015925,0.894447223611806,0,0
"Stepwise",0.582157776434789,0.894447223611806,0,0
